fixture	arithmetic	architecture	expect	batch	feature
union_punning.c	efficient	LP64	PARSE-OK	43	union punning: pointer + pointer-wide unsigned alias
builtin_object_size.c	efficient	LP64	PARSE-OK	43	__builtin_object_size grammar + fallback
typeof_type.c	efficient	LP64	PARSE-OK	39	__typeof__(type-name)
builtin_offsetof.c	efficient	LP64	PARSE-OK	39	__builtin_offsetof
statement_expr.c	efficient	LP64	PARSE-OK	39	gcc statement expression value
elvis.c	efficient	LP64	PARSE-OK	39	GNU a ?: b
types_compatible.c	efficient	LP64	PARSE-OK	39	__builtin_types_compatible_p
anon_member.c	efficient	LP64	PARSE-OK	40	anonymous union member flattening
designated_init.c	efficient	LP64	PARSE-OK	40	designated initializers
empty_init.c	efficient	LP64	PARSE-OK	39	empty initializer list
member_attr.c	efficient	LP64	PARSE-OK	39	member/bitfield __attribute__ positions
struct_from_deref.c	efficient	LP64	PARSE-OK	41	struct s = *p
enum_cast_bitvector.c	bitvector	LP64	PARSE-OK	42	undeclared enum is int (bitvector cast)
packed_bitfields.c	efficient	LP64	PARSE-OK	45	packed bitfield storage units + slicing
packed_bitfield_init.c	efficient	LP64	PARSE-OK	51	brace initializer over packed bitfield units
packed_bitfield_init_bv.c	bitvector	LP64	PARSE-OK	51	packed bitfield initializer, bitvector fold
layout_attributes.c	efficient	LP64	PARSE-OK	53	packed/aligned attributes + unnamed bitfields
char_bitfield_bitvector.c	bitvector	LP64	PARSE-OK	54	unsigned char values under bitvector (Bv 8)
union_slice_punning.c	efficient	LP64	PARSE-OK	56	union members of differing widths share the word
union_slice_punning.c	bitvector	LP64	PARSE-OK	56	union slice punning, bitvector Extract/Concat
byte_addressed_union.c	efficient	LP64	PARSE-OK	60	byte-addressed union (AD7, array members, no shared word)
byte_addressed_union.c	bitvector	LP64	PARSE-OK	60	byte-addressed union, bitvector Concat/Extract
deref_cast_lvalue.c	efficient	ILP32	PARSE-OK	62	assignment through a dereferenced cast lvalue (*(T*)p = v)
funcptr_qualifier.c	efficient	ILP32	PARSE-OK	62	type qualifier on a function-pointer declarator (void (* _Atomic fp)(void))
partial_init_zerofill.c	efficient	LP64	SAFE	82	local partial brace initializer zero-fills the remaining cells
string_array_init.c	efficient	LP64	SAFE	82	char array initialised from a string literal gets its own object and the bytes
alloca_static_base.c	efficient	LP64	SAFE	82	alloca bases start above the compile-time bases (no static/stack aliasing)
char_literal_escapes.c	efficient	LP64	SAFE	82	character constant escapes, radixes and case
static_local_storage.c	efficient	LP64	SAFE	82	static locals keep their value across calls (storage class no longer dropped)
nested_aggregate_init.c	efficient	LP64	SAFE	82	nested-struct initializer follows the subobject, and untouched members are zero
array_member_init.c	efficient	LP64	SAFE	82	array member is its own object; array elements and rows stay inline
deref_dot_member.c	efficient	LP64	SAFE	82	(*p).field is one dereference, like p->field and p[0].field
overflow_after_split.c	efficient	ILP32	UNSAFE:no-overflow	82	overflow checks survive the base/offset split (cType kept across the rebuild)
alloca_declared.c	efficient	ILP32	SAFE	82	alloca is declared by stdlib.h
memcpy_struct_cells.c	efficient	ILP32	SAFE	83	memcpy/memset on a struct pointee copy every cell, not n/4 of them
vla_zero_length.c	efficient	ILP32	UNSAFE:valid-memsafety	83	a VLA sized from an unconstrained nondet may be zero-length (C11 6.7.6.2p5)
vla_guarded_length.c	efficient	ILP32	SAFE:valid-memsafety	83	a VLA with a known-positive length is not flagged, and a fixed array costs nothing
pointer_backwards_walk.c	efficient	ILP32	SAFE:valid-memsafety	83	p-- keeps its sign under integer arithmetic (backwards buffer walk)
store_split_pointer.c	efficient	ILP32	SAFE:valid-memsafety	83	storing a mid-object pointer is refused, not clobbered onto one cell
alloca_use_after_return.c	efficient	ILP32	UNSAFE:valid-memsafety	83	alloca memory is released at function return (use-after-return is caught)
alloca_lifetime_ok.c	efficient	ILP32	SAFE:valid-memsafety	83	a stack block used within its own function is not released early
scope_end_release.c	efficient	ILP32	UNSAFE:valid-memsafety	83	a block-local object dies at block exit (use-after-scope is caught)
scope_end_loop_iteration.c	efficient	ILP32	UNSAFE:valid-memsafety	83	a loop body releases its object each iteration
scope_lifetime_ok.c	efficient	ILP32	SAFE:valid-memsafety	83	block-local objects used within their own block are not released early
hex_float_constant.c	efficient	ILP32	SAFE	83	C99 hex float constants parse, with exact values
self_referential_initializer.c	efficient	ILP32	SAFE	84	the declared name is in scope inside its own initializer
storage_class_register.c	efficient	ILP32	SAFE	84	register/auto storage classes are accepted (including on parameters)
narrow_cell_range.c	efficient	ILP32	SAFE:no-overflow	84	a narrow memory cell reads back inside its C type range
undeclared_memory_functions.c	efficient	ILP32	SAFE	84	undeclared malloc/free/memcpy/memset are routed to the modeled ones
own_memory_function_wins.c	efficient	ILP32	SAFE	84	a program-supplied memcpy definition wins over the model
builtin_infinity.c	efficient	ILP32	SAFE	85	GCC infinity builtins are exact (__builtin_inf/inff/infl, huge_val*)
builtin_prefetch.c	efficient	ILP32	SAFE	85	__builtin_prefetch is dropped but its operands are still evaluated
builtin_nan_compare.c	efficient	ILP32	SAFE	85	GCC NaN builtin + NaN-safe comparison builtins alias to the modeled ones
typedef_array_extent.c	efficient	ILP32	SAFE:valid-memsafety	87	an array declared through a typedef keeps its extent (and its dimension order)
ternary_guarded_deref.c	efficient	ILP32	SAFE:valid-memsafety	87	a ?: guard must not dereference in the branch it does not take
float_literal_precision.c	efficient	ILP32	SAFE	88	float/double literals keep their full significand (implicit bit included)
fesetround_nondefault.c	efficient	ILP32	FRONTEND-FAIL	88	a non-default fesetround is refused, not silently ignored
fesetround_default.c	efficient	ILP32	SAFE	88	fesetround(FE_TONEAREST)/fegetround still work (the mode theta models)
overflow_chain_intermediate.c	efficient	LP64	UNSAFE:no-overflow	88	an intermediate of a flattened additive chain is range-checked
