task_yml_relpath	input_file_relpath	property	property_file_relpath	expected_verdict	data_model	cputime	subfolder
c/termination-memory-alloca/cstrncpy-alloca-1.yml	c/termination-memory-alloca/cstrncpy-alloca-1.i	valid-memsafety	c/properties/valid-memsafety.prp	true	LP64	10	termination-memory-alloca
c/goblint-regression/09-regions_28-list2alloc.yml	c/goblint-regression/09-regions_28-list2alloc.c	no-data-race	c/properties/no-data-race.prp	false	ILP32	10	goblint-regression
c/list-ext-properties/test-0504_1.yml	c/list-ext-properties/test-0504_1.i	valid-memsafety	c/properties/valid-memsafety.prp	true	ILP32	10	list-ext-properties
c/Juliet_Test/CWE476_NULL_Pointer_Dereference---CWE476_NULL_Pointer_Dereference__int_66_good.yml	c/Juliet_Test/CWE476_NULL_Pointer_Dereference---CWE476_NULL_Pointer_Dereference__int_66_good.i	valid-memsafety	c/properties/valid-memsafety.prp	true	LP64	10	Juliet_Test
c/Juliet_Test/CWE476_NULL_Pointer_Dereference---CWE476_NULL_Pointer_Dereference__struct_66_good.yml	c/Juliet_Test/CWE476_NULL_Pointer_Dereference---CWE476_NULL_Pointer_Dereference__struct_66_good.i	valid-memsafety	c/properties/valid-memsafety.prp	true	LP64	10	Juliet_Test
c/ldv-races/race-3_2-container_of-global.yml	c/ldv-races/race-3_2-container_of-global.i	unreach-call	c/properties/unreach-call.prp	false	ILP32	10	ldv-races
c/array-memsafety/cstrncpy-alloca-2.yml	c/array-memsafety/cstrncpy-alloca-2.i	valid-memsafety	c/properties/valid-memsafety.prp	true	ILP32	10	array-memsafety
c/termination-15/cstrncpy_diffterm_alloca.yml	c/termination-15/cstrncpy_diffterm_alloca.i	valid-memsafety	c/properties/valid-memsafety.prp	true	LP64	10	termination-15
c/ldv-races/race-3_2-container_of-global.yml	c/ldv-races/race-3_2-container_of-global.i	valid-memsafety	c/properties/valid-memsafety.prp	true	ILP32	10	ldv-races
c/termination-15/cstrncpy_malloc.yml	c/termination-15/cstrncpy_malloc.i	valid-memsafety	c/properties/valid-memsafety.prp	true	LP64	10	termination-15
c/array-memsafety/add_last-alloca-1.yml	c/array-memsafety/add_last-alloca-1.i	no-overflow	c/properties/no-overflow.prp	false	ILP32	10	array-memsafety
c/memsafety/test-0504.yml	c/memsafety/test-0504.i	valid-memsafety	c/properties/valid-memsafety.prp	true	ILP32	10	memsafety
c/memsafety-ext/dll_extends_pointer.yml	c/memsafety-ext/dll_extends_pointer.i	valid-memsafety	c/properties/valid-memsafety.prp	true	ILP32	10	memsafety-ext
c/Juliet_Test/CWE476_NULL_Pointer_Dereference---CWE476_NULL_Pointer_Dereference__int64_t_66_good.yml	c/Juliet_Test/CWE476_NULL_Pointer_Dereference---CWE476_NULL_Pointer_Dereference__int64_t_66_good.i	valid-memsafety	c/properties/valid-memsafety.prp	true	LP64	10	Juliet_Test
c/Juliet_Test/CWE476_NULL_Pointer_Dereference---CWE476_NULL_Pointer_Dereference__long_66_good.yml	c/Juliet_Test/CWE476_NULL_Pointer_Dereference---CWE476_NULL_Pointer_Dereference__long_66_good.i	valid-memsafety	c/properties/valid-memsafety.prp	true	LP64	10	Juliet_Test
